distribution_channel,cancellation_rate
Corporate,76.05121085666812
Direct,90.80197667869855
GDS,94.6078431372549
TA/TO,93.50595225621089
Undefined,100.0
