market_segment,cancellation_rate
Aviation,65.10434881023116
Complementary,61.99024857848387
Corporate,74.5581249677817
Direct,92.2560910996825
Groups,88.82970322185406
Offline TA/TO,90.28871643320883
Online TA,94.14276975443212
Undefined,100.0
