lead_time_category,hotel,cancel_rate,cancellation_rate
long,City Hotel,0.5573625998692104,55.73625998692104
long,Resort Hotel,0.3944235588972431,39.44235588972431
medium,City Hotel,0.39909602346492284,39.909602346492285
medium,Resort Hotel,0.32446322521699406,32.44632252169941
short,City Hotel,0.22254087834945638,22.254087834945636
short,Resort Hotel,0.12943169968717413,12.943169968717413
