lead_time_category,count,proportion
long,51131,0.42826869922104027
short,38706,0.3241980065332105
medium,29553,0.2475332942457492
