channel,count,percentage
TA/TO,97870,81.97503978557668
Direct,14645,12.266521484211408
Corporate,6677,5.592595694781807
GDS,193,0.1616550799899489
Undefined,5,0.004187955440154116
