distribution_channel,occupancy_rate
Corporate,77.92421746293246
Direct,82.54011608057358
GDS,80.82901554404145
TA/TO,58.974149381833044
Undefined,20.0
